{
  "Comment": "A simple AWS Step Functions state machine that automates a call center support session.",
  "StartAt": "Open Case",
  "States": {
    "Open Case": {
      "Type": "Task",
      "Resource": "arn:aws:lambda:ap-northeast-1:386884265435:function:Toyooka-stepfunction-01",
      "Next": "Assign Case"
    },
    "Assign Case": {
      "Type": "Task",
      "Resource": "arn:aws:lambda:ap-northeast-1:386884265435:function:Toyooka-stepfunction-02",
      "Next": "Work on Case"
    },
    "Work on Case": {
      "Type": "Task",
      "Resource": "arn:aws:lambda:ap-northeast-1:386884265435:function:Toyooka-stepfunction-03",
      "Next": "Is Case Resolved"
    },
    "Is Case Resolved": {
      "Type": "Choice",
      "Choices": [ 
          {
            "Variable": "$.Status",
            "NumericEquals": 1,
            "Next": "Close Case"
          },
          {
            "Variable": "$.Status",
            "NumericEquals": 0,
            "Next": "Escalate Case"
          }
      ]
    },
    "Escalate Case": {
      "Type": "Task",
      "Resource": "arn:aws:lambda:ap-northeast-1:386884265435:function:Toyooka-stepfunction-04",
      "Next": "Fail"
    },
    "Close Case": {
      "Type": "Task",
      "Resource": "arn:aws:lambda:ap-northeast-1:386884265435:function:Toyooka-stepfunction-05",
      "End": true
    },
    "Fail": {
      "Type": "Fail",
      "Cause": "Engage Tier 2 Support."
    }
  },
  "TimeoutSeconds": 60
}